
----------Insert Patient Records ----------------------
insert into PATIENT_RECORDS values(	'PAT-100',	'Rosella',	'Burks',	'5-Jan-90'	,	'F',	'White',	'Non - Hispanic/Latino',	9637774065	, 'BurksR@gmail.com',	'16C, Smith St',	'San Juan',	'PR',	'US',	92600,	'Patrica',	'Garrison',	8631113065	,'GarrisonP@gmail.edu',	'16C,Smith St',	'San Juan',	'PR',	'US',	92600	);
insert into PATIENT_RECORDS values(	'PAT-101',	'Damien',	'Avila',	'6-Feb-91'	,	'M',	'White',	'Non - Hispanic/Latino',	9637777914,	'AvilaD@gmail.com',	'17A, Termont St',	'Corona',	'NY',	'US',	11368,	'Leila',	'Effie',	8631111813,	'EffieL@gmail.edu',	'17A, Termont St',	'Corona',	'NY',	'US',	11368	);
insert into PATIENT_RECORDS values(	'PAT-102',	'Robin',	'Olsen',	'7-Mar-92'	,	'M',	'Asian American',	'Non - Hispanic/Latino',	9637779262,	'OlsenR@gmail.com',	'1, James St',	'Chicago',	'IL',	'US',	60629,	'Rose',	'Buckley',	8631118262,	'BuckleyR@gmail.edu',	'1, James St',	'Chicago',	'IL',	'US',	60629	);
insert into PATIENT_RECORDS values(	'PAT-103',	'Edgar',	'Moises',	'7-Apr-93'	,	'M',	'Black or African American',	'Non - Hispanic/Latino',	9637778264,	'MoisesE@gmail.com',	'7A, Temont St',	'El Paso',	'TX',	'US',	79936,	'Kathie',	'Stanton',	8631118263,	'StantonK@gmail.edu',	'7A, Temont St',	'El Paso',	'TX',	'US',	79936	);
insert into PATIENT_RECORDS values(	'PAT-104',	'Heath',	'Brian',	'8-May-94'	,	'F',	'Black or African American',	'Non - Hispanic/Latino',	9637777249,	'BrianH@gmail.com',	'6C, Park St',	'Los Angeles',	'CA',	'US',	90011,	'Shannon',	'Banks',	8631111238,	'BanksS@gmail.edu',	'6C, Park St',	'Los Angeles',	'CA',	'US',	90011	);
insert into PATIENT_RECORDS values(	'PAT-105',	'Elvin',	'Claude',	'9-Aug-95'	,	'F',	'White',	'Non - Hispanic/Latino',	9637779730,	'ClaudeE@gmail.com',	'86C, Jack St',	'Norwalk',	'CA',	'US',	90650,	'Cleo',	'Barnes',	8631118130,	'BarnesC@gmail.edu',	'86C, Jack St',	'Norwalk',	'CA',	'US',	90650	);
insert into PATIENT_RECORDS values(	'PAT-106',	'Edmund',	'Mosley',	'10-Oct-96'	,	'M',	'Asian American',	'Hispanic/Latino',	9637779285,	'MosleyE@gmail.com',	'87A, Harper St',	'Pacoima',	'CA',	'US',	91331,	'Nellie',	'Brady',	8631118285,	'BradyN@gmail.edu',	'87A, Harper St',	'Pacoima',	'CA',	'US',	91331	);
insert into PATIENT_RECORDS values(	'PAT-107',	'Antoine',	'Derek',	'10-Jan-97'	,	'M',	'White',	'Non - Hispanic/Latino',	9637775454,	'DerekA@gmail.com',	'8, James St',	'Ketchikan',	'AK',	'US',	99950,	'Ruben',	'Katheryn',	8631115353,	'KatherynR@gmail.edu',	'8, James St',	'Ketchikan',	'AK',	'US',	99950	);
insert into PATIENT_RECORDS values(	'PAT-108',	'Callie',	'Hawkins',	'11-Dec-98'	,	'F',	'White',	'Non - Hispanic/Latino',	9637774949,	'HawkinsC@gmail.com',	'7A, Temont St',	'San Juan',	'PR',	'US',	92600,	'Dianne',	'Michael',	8631113838,	'MichaelD@gmail.edu',	'7A, Temont St',	'San Juan',	'PR',	'US',	92600	);
insert into PATIENT_RECORDS values(	'PAT-109',	'Rick',	'Price',	'6-Nov-99'	,	'F',	'White',	'Non - Hispanic/Latino',	8637774061	, 'PriceR@gmail.com',	'4209, Richard St',	'Boston',	'MA',	'US',	10002,	'Alia',	'Barlowe',	6631113063	,'Barlowe@gmail.edu',	'4209, Richard St',	'Boston',	'MA',	'US',	10002);
insert into PATIENT_RECORDS values(	'PAT-110',	'Joan',	'Lloyd',	'6-Jan-91'	,	'M',	'White',	'Non - Hispanic/Latino',	8637777912,	'LloydJ@gmail.com',	'17T, Park Dr',	'Lowell',	'MA',	'US',	10003,	'Eric',	'Caddel',	6631111883,	'Caddel@gmail.edu',	'17T, Park Dr',	'Lowell',	'MA',	'US',	10003	);
insert into PATIENT_RECORDS values(	'PAT-111',	'Lucas',	'Walsh',	'7-Feb-92'	,	'M',	'Asian American',	'Non - Hispanic/Latino',	6637779263,	'WalshL@gmail.com',	'1, Brook St',	'Cambridge',	'MA',	'US',	10004,	'Dia',	'Hart',	6631118262,	'Hart@gmail.edu',	'1, Brook St',	'Cambridge',	'MA',	'US',	10004	);
insert into PATIENT_RECORDS values(	'PAT-112',	'Leo',	'Stone',	'7-Mar-93'	,	'M',	'Black or African American',	'Non - Hispanic/Latino',	7637778265,	'StoneS@gmail.com',	'734, 3rd St',	'Berwyn',	'IL',	'US',	60004,	'Hanna',	'Laurier',	6631118663,	'Laurier@gmail.edu',	'7A, Temont St',	'El Paso',	'TX',	'US',	79936	);
insert into PATIENT_RECORDS values(	'PAT-113',	'Apollo',	'Sherman',	'8-Apr-94'	,	'F',	'Black or African American',	'Non - Hispanic/Latino',	7637777247,	'ShermanA@gmail.com',	'6545, Blackburn St',	'Belleville',	'IL',	'US',	60005,	'Maden',	'Banks',	6635111238,	'Banks@gmail.edu',	'6545, Blackburn St',	'Belleville',	'IL',	'US',	60005	);
insert into PATIENT_RECORDS values(	'PAT-114',	'Jensen',	'Walls',	'9-May-95'	,	'F',	'White',	'Non - Hispanic/Latino',	7637779731,	'WallsJ@gmail.com',	'886C, Bill St',	'Rockford',	'IL',	'US',	60006,	'Clare',	'Elrod',	7631418130,	'Elrod@gmail.edu',	'886C, Bill St',	'Rockford',	'IL',	'US',	60006	);
insert into PATIENT_RECORDS values(	'PAT-115',	'Louis',	'Lucs',	'10-Aug-96'	,	'M',	'Asian American',	'Hispanic/Latino',	7637779286,	'LucsL@gmail.com',	'875A, Hamper St',	'Huston',	'TX',	'US',	90001,	'Nathie',	'Lopez',	7631618285,	'Lopez@gmail.edu','875A, Hamper St',	'Huston',	'TX',	'US',	90001	);
insert into PATIENT_RECORDS values(	'PAT-116',	'Gaige',	'Williams',	'10-Oct-97'	,	'M',	'White',	'Non - Hispanic/Latino',	7637775457,	'WilliamsG@gmail.com',	'4T, JU St',	'Austin',	'TX',	'US',	90002,	'Robin',	'Whitlock',	7631117353,	'Whitlock@gmail.edu',	'4T, JU St',	'Austin',	'TX',	'US',	90002	);
insert into PATIENT_RECORDS values(	'PAT-117',	'Dante',	'Jones',	'11-Nov-98'	,	'F',	'White',	'Non - Hispanic/Latino',	7637774946,	'JonesJ@gmail.com',	'7A, Temp St',	'Dallas',	'TX',	'US',	90003,	'Dean',	'Hope',	6631413838,	'Hope@gmail.edu',	'7A, Temp St',	'Dallas',	'TX',	'US',	90003	);

SELECT * FROM PATIENT_RECORDS;

----------Insert Department Records ----------------------

insert into DEPARTMENT VALUES('D-101','Doctor','Treats the Patients');
insert into DEPARTMENT VALUES('D-102','Staff','Other Management');

SELECT * FROM DEPARTMENT;

----------Insert Staff Records ----------------------


insert into STAFF VALUES('S-101','D-102','Suresh','Singh','Lab Assistant','Level1','SureshS@gmail.com',2312226999,'101 Michael Street' ,'Chicago','IL','US',90045);
insert into STAFF VALUES('S-102','D-102','Simon','Lee','Lab Assistant','Level2','Simlee@gmail.com',5612226999,'502 Haven Street' ,'Los Angeles','CA','US',92363);
insert into STAFF VALUES('S-103','D-102','Andrew','Jose','Lab Assistant','Level3','AndJos@gmail.com',4812226999,'201 Cambridge Street','San Juan','PR','US',21380);
insert into STAFF VALUES('S-104','D-102','Adam','Jen','Lab Assistant','Level1','AdamJen@gmail.com',4812226912,'1 Camel Street','Chicago','IL','US',95545);
insert into STAFF VALUES('S-105','D-102','Bruce','Lee','Lab Assistant','Level2','BruceLee@gmail.com',6812336912,'H-234, Jackson St','San Juan',	'PR',	'US',	92600);
insert into STAFF VALUES('S-106','D-102','Zheng','Zhang','Nurse','Level1','ZhengZhang@gmail.com',7891226912,'16 Mission Hill', 'El Paso',	'TX',	'US',23123);
insert into STAFF VALUES('S-107','D-102','Rasheed','Ahmed','Nurse','Level2','RasheedAhmed@gmail.com',7612226999,'2 Greek Street','Ketchikan','AK','US',21380);
insert into STAFF VALUES('S-108','D-102','Angelina','Jenny','Nurse','Level3','AngelinaJenny@gmail.com',4814426912,'1 Park Street','Chicago','IL','US',21380);
insert into STAFF VALUES('S-109','D-102','James','Jacob','Nurse','Level1','JamesJacob@gmail.com',7812336912,'2, Peak St','San Juan',	'PR',	'US',	72600);
insert into STAFF VALUES('S-110','D-102','Hitech','Reddy','Nurse','Level2','HitechReddy@gmail.com',6089926912,'11 Mission Hill', 'Pacoima',	'CA',	'US',	91331);
insert into STAFF VALUES('S-111','D-102','Michael','Costa', 'Compounder','Level1',	'Miccos@gmail.com',9012226999,'201 Congress Street', 'El Paso', 'TX',	'US',	21389);
insert into STAFF VALUES('S-112','D-102', 'Saurav','Dsouza', 'Receptionist', 'Level2',	'Saudso@gmail.com', 6612226999,	'105 Congress Street', 	'Corona', 'NY',	'US',	21380);

SELECT * FROM STAFF;

----------Insert Doctor Records ----------------------

insert into DOCTOR_RECORDS VALUES('DOC-100','D-101','Sarvesh','Sinha','Gynecologists','Fellow','SarveshSinha@gmail.com',6172347382,200,'Ap #867-859','New York','NY','US',39531,'Available');
insert into DOCTOR_RECORDS VALUES('DOC-101','D-101','Olivia','Le','Neurologists','Specialist','OliviaLe@gmail.com',6099773234,500,'191-103 Jue Road','New York','NY','US',39531,'Available');
insert into DOCTOR_RECORDS VALUES('DOC-102','D-101','Andrea','Germia','Cardiologists','Resident','AndreaG@gmail.com',6372347382,450,'887 Demonte Avenue','New York','NY','US',39531,'Available');
insert into DOCTOR_RECORDS VALUES('DOC-103','D-101','Mia','Cova', 'Physician','Intern','CovaM@gmail.com',6117347382,400,'511-5762 At Rd.','New York','NY','United States',39531,'Available');
insert into DOCTOR_RECORDS VALUES('DOC-104','D-101','Lee','Jamie','Dermatologists','Specialist','LeeJam@gmail.com',7172347382,500,'935-9940 Tortor. Street','New York','NY','United States',39531,'Available');
insert into DOCTOR_RECORDS VALUES('DOC-105','D-101','Anushka','Shekhar','Pediatrics','Resident','ShekharA@gmail.com',6170345382,250,'250 P.O 929 4189 NuncRoad','New York','NY','United States',39531,'Available');
insert into DOCTOR_RECORDS VALUES('DOC-106','D-101','John','Goetz','Cardiologist'	,'Surgeon','JGoetz@gmail.com',6179347181,350,'350 Viverra.Avenue','New York','NY','United States',39531,'Available');
insert into DOCTOR_RECORDS VALUES('DOC-107','D-101','Thomas','Brook','Cardiologist'	,'Surgeon','TBrook@gmail.com',6172347311,300,'300 347-7666 Iaculis St.','New York','NY','United States',39531,' Not Available');

SELECT * FROM DOCTOR_RECORDS;

----------Insert Patient Invoice ----------------------

insert into PATIENT_INVOICE VALUES(	'BIL-100',	'PAT-100',	'12-Oct-22',200, 50,	0,	0,	0,1,	15, 132);
insert into PATIENT_INVOICE VALUES(	'BIL-101',	'PAT-101',	'12-Jan-22',	300,	50,	0,	0,0,0, 15,	365	);
insert into PATIENT_INVOICE VALUES(	'BIL-102',	'PAT-102',	'15-Jan-22',	450,	50,	0,	0,	0,0,	15	,	515	);
insert into PATIENT_INVOICE VALUES(	'BIL-103',	'PAT-103',	'17-Jan-22',	400,	50,	0,	0,	0,	0,15,	232.5	);
insert into PATIENT_INVOICE VALUES(	'BIL-104',	'PAT-104',	'18-Jan-22',	500,	50,	0,	0,	0,	1,15	,	282.5	);

SELECT * FROM PATIENT_INVOICE;

---Insert PATIENT MEDICAL HISTORY---

insert into PATIENT_MEDICALHISTORY values(	'MH-100',	'PAT-100',	'Fever',	'High fever 102',	'21-Apr-20',	'N',	'21-May-20');
insert into PATIENT_MEDICALHISTORY values(	'MH-101',	'PAT-101',	'Asthama',	'Asthma since 1 year',	'20-May-20',	'Y',	NULL);
insert into PATIENT_MEDICALHISTORY values(	'MH-102',	'PAT-102',	'Cold',	'Mild',	'10-Sep-21',	'N',	'13-Oct-21');	
insert into PATIENT_MEDICALHISTORY values(	'MH-103',	'PAT-103',	'Cold',	'High',	'1-Jan-20',	'N',	'2-Feb-20');	
insert into PATIENT_MEDICALHISTORY values(	'MH-104',	'PAT-104',	'Anemia',	'For last 2 years',	'4-Mar-19',	'Y',	NULL);
insert into PATIENT_MEDICALHISTORY values(	'MH-105',	'PAT-105',	'Flu',	'Mild',	'6-Jun-20',	'N',	'9-Jul-20');	
insert into PATIENT_MEDICALHISTORY values(	'MH-106',	'PAT-106',	'Blood Pressure',	'High',	'21-Apr-20',	'Y', NULL);
insert into PATIENT_MEDICALHISTORY values(	'MH-107',	'PAT-107',	'Cough',	'Sour throat',	'20-May-20',	'N',	'19-Jun-20');	
insert into PATIENT_MEDICALHISTORY values(	'MH-108',	'PAT-108',	'Cough',	'Sour throat',	'10-Sep-21',	'N',	'13-Oct-21');

SELECT * FROM PATIENT_MEDICALHISTORY;

--Insert PATIENT MEDICATION--

insert into PATIENT_MEDICATION values(	'MED-100',	'MH-104',	'PAT-100',	'Tylenol',	282,	2,	'Oral',	2,	'2-Jan-22',	'9-Jan-22',	'N'	);
insert into PATIENT_MEDICATION values(	'MED-101',	'MH-104',	'PAT-101',	'Metformin',	306,	3,	'Injection',	1,	'2-Jan-22',	NULL,'Y'	);
insert into PATIENT_MEDICATION values(	'MED-102',	'MH-104',	'PAT-102',	'Tylenol',	337,	1,	'Oral',	3,	'5-Jan-22',	NULL,	'Y'	);
insert into PATIENT_MEDICATION values(	'MED-103',	'MH-100',	'PAT-103',	'Tylenol',	242,	3,	'Oral',	1,	'7-Jan-22',	NULL,	'Y'	);
insert into PATIENT_MEDICATION values(	'MED-104',	'MH-100',	'PAT-104',	'Metformin',	451,	2,	'Injection',	3,	'8-Jan-22',	'18-Jan-22',	'N'	);
insert into PATIENT_MEDICATION values(	'MED-105',	'MH-100',	'PAT-105',	'Tylenol',	307,	1,	'Oral',	2,	'10-Jan-22',	'15-Jan-22',	'N'	);
insert into PATIENT_MEDICATION values(	'MED-106',	'MH-100',	'PAT-106',	'Microzide',	71,	4,	'Oral',	3,	'11-Jan-22',	NULL,	'Y'	);
insert into PATIENT_MEDICATION values(	'MED-107',	'MH-100',	'PAT-107',	'Tylenol',	53,	1,	'Oral',	1,	'11-Jan-22','17-Jan-22',	'N'	);
insert into PATIENT_MEDICATION values(	'MED-108',	'MH-100',	'PAT-108',	'Tylenol',	87,	4,	'Oral',	2,	'12-Jan-22',	'21-Jan-22',	'N'	);


SELECT * FROM PATIENT_MEDICATION;

----------Insert Patient Visits ----------------------
insert into PATIENT_VISIT values('V-001',	'PAT-100',	'DOC-101',	'Normal ',	'2-Jan-22');
insert into PATIENT_VISIT values('V-002',	'PAT-101',	'DOC-102',	'Normal ',	'2-Jan-22');
insert into PATIENT_VISIT values('V-003',	'PAT-102',	'DOC-103',	'Abnormal',	'5-Jan-22');
insert into PATIENT_VISIT values('V-004',	'PAT-103',	'DOC-104',	'Abnormal',	'7-Jan-22');
insert into PATIENT_VISIT values('V-005',	'PAT-104',	'DOC-107',	'Abnormal',	'8-Jan-22');
insert into PATIENT_VISIT values('V-006',	'PAT-105',	'DOC-101',	'Normal ',	'10-Jan-22');
insert into PATIENT_VISIT values('V-007',	'PAT-106',	'DOC-106',	'Abnormal',	'11-Jan-22');
insert into PATIENT_VISIT values('V-008',	'PAT-107',	'DOC-102',	'Normal ',	'11-Jan-22');
insert into PATIENT_VISIT values('V-009',	'PAT-108',	'DOC-103',	'Normal ',	'12-Jan-22');

SELECT * FROM PATIENT_VISIT;

----------Insert Patient Vitals ----------------------

insert into PATIENT_VITALSIGNS values(	'VS-0001',  'PAT-100',	'S-106',	'V-001',	120,	78,	74,	168,	67,	'Normal ',	50,	'12-Jan-22'	);
insert into PATIENT_VITALSIGNS values(	'VS-0002', 'PAT-101',	'S-107',	'V-002',	115,	180,	70,	165,	54,	'Normal ',	50,	'14-Dec-19'	);
insert into PATIENT_VITALSIGNS values(	'VS-0003', 'PAT-102',	'S-108',	'V-003',	95,	83,	76,	218,	54,	'Abnormal',	50,	'15-Dec-19'	);
insert into PATIENT_VITALSIGNS values(	'VS-0004', 'PAT-103',	'S-109',	'V-004',	51,	75,	78,	190,	50,	'Abnormal',	50,	'16-Dec-19'	);
insert into PATIENT_VITALSIGNS values(	'VS-0005', 'PAT-104',	'S-110',	'V-005',	94,	82,	71,	197,	88,	'Abnormal',	50,	'17-Dec-19'	);
insert into PATIENT_VITALSIGNS values(	'VS-0006', 'PAT-105',	'S-106',	'V-006',	114,	87,	76,	213,	55,	'Normal ',	50,	'18-Dec-19'	);
insert into PATIENT_VITALSIGNS values(	'VS-0007', 'PAT-106',	'S-107',	'V-007',	156,	100,	72,	194,	60,	'Abnormal',	50,	'19-Dec-19'	);
insert into PATIENT_VITALSIGNS values(	'VS-0008', 'PAT-107',	'S-108',	'V-008',	119,	97,	78,	211,	123,	'Normal ',	50,	'20-Dec-19'	);
insert into PATIENT_VITALSIGNS values(	'VS-0009', 'PAT-108',	'S-109',	'V-009',	123,	98,	76,	167,	77,	'Normal ',	50,	'21-Dec-19'	);

SELECT * FROM PATIENT_VITALSIGNS;

----------Insert Patient Lab Records ----------------------

INSERT INTO PATIENT_LABTEST VALUES('T01','HEMATOLOGY RBC','Measurement of red blood cell count','PAT-100','DOC-101','V-001','Normal','NA','ABC Diagnostic','S-101','2-Jan-2022','5-Jan-2022','15');
INSERT INTO PATIENT_LABTEST VALUES('T02','HEMATOLOGY RBC','Measurement of red blood cell count','PAT-101','DOC-107','V-002','Normal','NA','ABC Diagnostic','S-102','2-Jan-2022','7-Jan-2022','15');	
INSERT INTO PATIENT_LABTEST VALUES('T03','HEMATOLOGY RBC','Measurement of red blood cell count ','PAT-102','DOC-106','V-003','Abnormal','Low RBC Counts','ABC Diagnostic','S-103','5-Jan-2022','8-Jan-2022','15');
INSERT INTO PATIENT_LABTEST VALUES('T04','HEMOGLOBIN','Measurement of hemoglobin in the blood','PAT-103','DOC-102','V-004','Abnormal','Low hemoglobin levels','ABC Diagnostic','S-104','7-Jan-2022','10-Jan-2022','15');					
INSERT INTO PATIENT_LABTEST VALUES('T05','HEMOGLOBIN','Measurement of hemoglobin in the blood','PAT-104','DOC-105','V-005','Abnormal','Low hemoglobin levels','ABC Diagnostic','S-104','8-Jan-2022','11-Jan-2022','15');					
INSERT INTO PATIENT_LABTEST VALUES('T06','GENERAL CHEMISTRY','Number of the bodys components','PAT-105','DOC-103','V-006','Normal','NA','ABC Diagnostic','S-105','10-Jan-2022','11-Jan-2022','15'); 					
INSERT INTO PATIENT_LABTEST VALUES('T07','GENERAL CHEMISTRY','Number of the bodys components','PAT-106','DOC-101','V-007','Normal','NA','ABC Diagnostic','S-101','11-Jan-2022','12-Jan-2022','15'); 					
INSERT INTO PATIENT_LABTEST VALUES('T08','URINE','Urine tests to diagnose metabolic and kidney disorder','PAT-107','DOC-104','V-008','Normal','NA','ABC Diagnostic','S-102','11-Jan-2022','13-Jan-2022','15'); 					
INSERT INTO PATIENT_LABTEST VALUES('T09','URINE','Urine tests to diagnose metabolic and kidney disorder','PAT-108','DOC-107','V-009','Normal','NA','ABC Diagnostic','S-103','12-Jan-2022','14-Jan-2022','15'); 					


SELECT * FROM PATIENT_LABTEST;

----------Insert Patient Treatment Records ----------------------
INSERT INTO PATIENT_TREATMENT VALUES('T-100','PAT-100','DOC-101','V-001',       '12-Jan-2022',       '2-Jan-2022',      'N','Y',        'A',    394,    2,      'Oral',       2,        'N/A',   'Normal' ,     'N',0);
INSERT INTO PATIENT_TREATMENT VALUES('T-101','PAT-101',	'DOC-103','V-002',	'12-Jan-2022',	'2-Jan-2022',	'N','Y',	'B',	274,	1,	'Injection'	,3,	'N/A'	,'Normal' ,	'N',0);
INSERT INTO PATIENT_TREATMENT VALUES('T-102','PAT-102',	'DOC-105','V-003',	'15-Jan-2022',	'5-Jan-2022',	'N','Y',	'F',	238,	3,	'Injection',	1,	'N/A',	'Abnormal',	'N',0);
INSERT INTO PATIENT_TREATMENT VALUES('T-103','PAT-103',	'DOC-102','V-004',	'17-Jan-2022',	'7-Jan-2022',	'N','Y',	'G',	234,	2,	'Oral',	3,	'N/A',	'Abnormal',	'N',0);
INSERT INTO PATIENT_TREATMENT VALUES('T-104','PAT-104',	'DOC-107','V-005',	'18-Jan-2022',	'8-Jan-2022',	'N','Y',	'K',	182,	1,	'Oral',	2,	'N/A',	'Abnormal',	'N',	0);
INSERT INTO PATIENT_TREATMENT VALUES('T-105','PAT-105',	'DOC-101','V-006',	'20-Jan-2022',	'10-Jan-2022',	'N','Y',	'A',	176,	3,	'Injection',	1,	'N/A',	'Normal', 	'N',	0);
INSERT INTO PATIENT_TREATMENT VALUES('T-106','PAT-106',	'DOC-102','V-007',	'19-Jan-2022',	'11-Jan-2022',	'N','Y',	'B',	440,	2,	'Injection',	2,	'N/A',	'Normal', 	'N',	0);
INSERT INTO PATIENT_TREATMENT VALUES('T-107','PAT-107',	'DOC-106','V-008',	'17-Jan-2022',	'11-Jan-2022',	'N','Y',	'F',	355,	1,	'Oral',	3,	'N/A',	'Normal',  'N',	0);
INSERT INTO PATIENT_TREATMENT VALUES('T-108','PAT-108',	'DOC-104','V-009',	'18-Jan-2022',	'16-Jan-2022',	'N','Y',	'G',	279,	3,	'Oral',	1,	'N/A',	'Normal' 	,'Y',	400);
INSERT INTO PATIENT_TREATMENT VALUES('T-109','PAT-103',	'DOC-103','V-001',	'20-Jan-2022',	'13-Jan-2022',	'N','N',	'K',	105,	2,	'Injection',	3,	'N/A',	'Normal', 	'Y'	,300);
INSERT INTO PATIENT_TREATMENT VALUES('T-110','PAT-105',	'DOC-107','V-004',	'19-Jan-2022',	'14-Jan-2022',	'N','N',	'A',	281,	1,	'Injection',	2,	'N/A',	'Normal', 	'Y',	800);
INSERT INTO PATIENT_TREATMENT VALUES('T-111','PAT-102',	'DOC-102','V-002',	'1-Feb-2022',	'15-Jan-2022',	'N','N',	'B',	420,	3,	'Oral',	1,	'N/A',	'Abnormal',	'Y'	,700);

SELECT * FROM PATIENT_TREATMENT;


INSERT INTO ROOM_DETAILS VALUES('R-101', 'PAT-101', 'V-009', '2-Jan-22', '6-Jan-22', '30', '5', '150','1');
INSERT INTO ROOM_DETAILS VALUES('R-102', 'PAT-108', 'V-001', '5-Jan-22', '7-Jan-22', '30', '3', '90','2');
INSERT INTO ROOM_DETAILS VALUES('R-103', 'PAT-101', 'V-006', '10-Jan-22', '14-Jan-22', '45', '5', '225','2');
INSERT INTO ROOM_DETAILS VALUES('R-104', 'PAT-102', 'V-002', '11-Jan-22', '14-Jan-22', '30', '4', '120','3');
INSERT INTO ROOM_DETAILS VALUES('R-105', 'PAT-104', 'V-007', '18-Jan-22', '23-Jan-22', '45', '6', '270','5');
INSERT INTO ROOM_DETAILS VALUES('R-106', 'PAT-105', 'V-008', '21-Jan-22', '24-Jan-22', '30', '4', '120','7');
INSERT INTO ROOM_DETAILS VALUES('R-107', 'PAT-107', 'V-004', '1-Feb-22', '8-Feb-22', '40', '8', '320','8');
INSERT INTO ROOM_DETAILS VALUES('R-108', 'PAT-106', 'V-006', '8-Feb-22', '11-Jan-22', '40', '4', '160','9');
INSERT INTO ROOM_DETAILS VALUES('R-109', 'PAT-107', 'V-003', '18-Feb-22', '20-Jan-22', '35', '3', '315','10');
INSERT INTO ROOM_DETAILS VALUES('R-110', 'PAT-104', 'V-009', '20-Feb-22', '26-Jan-22', '45', '7', '250','11');


SELECT * FROM ROOM_DETAILS;






